"","ID","Description","GeneRatio","BgRatio","pvalue","p.adjust","qvalue","geneID","Count"
"GO:0001525","GO:0001525","angiogenesis","18/149","360/10687",2.54661535253993e-06,0.0044873745196428,0.00394577848271276,"FLT4/BTG1/NRCAM/PDGFRB/ENG/CCBE1/THBS1/PLXDC1/HOXA3/COL8A2/NRP1/TAL1/EDNRA/ACVRL1/CCN1/ANGPTL2/ETS1/CALD1",18
"GO:0001568","GO:0001568","blood vessel development","21/149","483/10687",3.27665171204294e-06,0.0044873745196428,0.00394577848271276,"FLT4/BTG1/NRCAM/PDGFRB/ENG/CCBE1/PECAM1/SNX17/THBS1/PLXDC1/HOXA3/COL8A2/NRP1/TAL1/EDNRA/ACVRL1/CCN1/ANGPTL2/MEF2C/ETS1/CALD1",21
"GO:0042113","GO:0042113","B cell activation","11/149","154/10687",9.73862260651004e-06,0.00889136243974367,0.00781823456971754,"PAWR/CD79A/CD22/TIRAP/CXCR5/SWAP70/TFRC/ITGA4/VCAM1/MEF2C/SLC15A4",11
"GO:0030198","GO:0030198","extracellular matrix organization","14/149","265/10687",1.92800717583947e-05,0.00918003336335225,0.00807206484708209,"ENG/FSCN1/PECAM1/THBS1/CRISPLD2/COL8A2/ITGA4/ITGB5/LAMB2/VCAM1/CCN1/ETS1/MMP15/BGN",14
"GO:0043062","GO:0043062","extracellular structure organization","14/149","265/10687",1.92800717583947e-05,0.00918003336335225,0.00807206484708209,"ENG/FSCN1/PECAM1/THBS1/CRISPLD2/COL8A2/ITGA4/ITGB5/LAMB2/VCAM1/CCN1/ETS1/MMP15/BGN",14
"GO:0045229","GO:0045229","external encapsulating structure organization","14/149","266/10687",2.01096021103007e-05,0.00918003336335225,0.00807206484708209,"ENG/FSCN1/PECAM1/THBS1/CRISPLD2/COL8A2/ITGA4/ITGB5/LAMB2/VCAM1/CCN1/ETS1/MMP15/BGN",14
"GO:0001974","GO:0001974","blood vessel remodeling","5/149","26/10687",2.55818474773462e-05,0.00921580822544508,0.00810352192302928,"FLT4/HOXA3/ACVRL1/MEF2C/BGN",5
"GO:0042100","GO:0042100","B cell proliferation","6/149","44/10687",3.02819547385928e-05,0.00921580822544508,0.00810352192302928,"PAWR/CD79A/CD22/TIRAP/TFRC/MEF2C",6
